"Enrichment FDR","nGenes","Pathway Genes","Fold Enrichment","Pathway","URL","Genes"
9.80539778526346e-34,125,298,2.97522833444006,"Path:hsa04060 Cytokine-cytokine receptor interaction","https://www.genome.jp/kegg-bin/show_pathway?hsa04060 ","CXCR6 TNFSF13B CCR9 EDAR IL24 TNFRSF13C CCR1 CCR3 CCR4 CCR5 CCR6 CCR7 IL31RA CSF1R CSF2RA CSF2RB CSF3R CX3CR1 EPOR TNFRSF13B CLCF1 IL17RA IL27 IL17C XCR1 CXCR3 CXCL1 CXCL3 IFNAR2 IFNG IFNGR1 IFNGR2 FAS IL1B IL1R1 IL1RAP IL1RN IL2RA FASLG IL2RB IL2RG IL3RA IL4R IL5RA IL6R IL7R CXCL8 CXCR1 CXCR2 IL9R IL10 IL10RA IL10RB IL12RB1 IL12RB2 IL13RA1 IL15 IL15RA IL16 TNFRSF9 IL18 INHBA LEP LIF LTA LTB LTBR CCL3L3 CXCL9 OSM IL21R TNFRSF12A IL23A PF4 PF4V1 IL20RB PPBP CXCL16 TNFRSF17 CCL3 CCL4 CCL5 CCL14 CCL18 CCL20 CCL23 CCL24 CXCL6 CXCL5 XCL1 CXCR5 XCL2 TGFB1 TGFBR1 TGFBR2 TNF TNFRSF1A TNFRSF1B CCR2 TNFRSF4 IL1R2 CXCR4 RELT TNFSF14 TNFSF10 TNFSF9 TNFRSF14 TNFRSF18 TNFRSF10D TNFRSF10C TNFRSF10B TNFRSF10A IL18RAP IL18R1 CD4 IL32 CD27 TNFRSF8 TNFSF8 IL27RA GDF15 CCL4L2 CD40 CD40LG CD70"
3.90813627111178e-30,68,100,4.00867043683998,"Path:hsa04640 Hematopoietic cell lineage","https://www.genome.jp/kegg-bin/show_pathway?hsa04640 ","CR1 CR1L CR2 CSF1R CSF2RA CSF3R CD55 EPOR FCER2 FCGR1A FLT3 FLT3LG GP1BA GP5 GP9 ANPEP GYPA HLA-DMA HLA-DMB HLA-DOA HLA-DOB HLA-DPA1 HLA-DPB1 HLA-DQA1 HLA-DQA2 HLA-DQB1 HLA-DQB2 HLA-DRA HLA-DRB1 HLA-DRB5 IL1B IL1R1 IL2RA IL3RA IL4R IL5RA IL6R IL7R IL9R ITGA2B ITGA4 ITGA5 ITGAM ITGB3 MME TFRC TNF IL1R2 CD1A CD1C CD1D CD2 CD3D CD3E CD3G CD4 CD5 CD7 CD8A CD8B CD14 CD19 MS4A1 CD33 CD36 CD37 CD38 CD44"
4.53974245888975e-30,73,143,3.81540827812028,"Path:hsa05322 Systemic lupus erythematosus","https://www.genome.jp/kegg-bin/show_pathway?hsa05322 ","H2BK1 H2BC26 CTSG ELANE FCGR1A FCGR2A FCGR3A FCGR3B H2AC8 H2AC7 H2BC5 H3-3A H3-3B HLA-DMA HLA-DMB HLA-DOA HLA-DOB HLA-DPA1 HLA-DPB1 HLA-DQA1 HLA-DQA2 HLA-DQB1 HLA-DQB2 HLA-DRA HLA-DRB1 HLA-DRB5 H2AC21 IFNG IL10 H3-5 H2BC18 H3C13 SNRPB TRIM21 C1QA TNF C1QB C1QC C2 H2AC19 H4C9 H2AC13 H2AC15 H2AC16 H2AC6 H2AC20 H2BC8 H2BC15 H2BC14 H2BC7 H2BC6 H2BC9 H2BC10 H2BC4 H2BC17 H2BC21 H3C1 H3C4 H3C11 H3C10 H4C4 H4C12 H4C8 H4C5 H2BC12 ACTN1 H2AC11 H2BC11 CD28 CD80 CD86 MACROH2A1 CD40"
1.72030215415687e-29,96,195,3.18104412981073,"Path:hsa04613 Neutrophil extracellular trap formation","https://www.genome.jp/kegg-bin/show_pathway?hsa04613 ","H2BK1 H2BC26 CR1 CR1L MAPK14 CTSG CYBA CYBB AGER ELANE FCGR1A FCGR2A FCGR3A FCGR3B FGA FGB FGG PADI4 FPR1 FPR2 FPR3 SIGLEC9 GP1BA H2AC8 H2AC7 H2BC5 H3-3A H3-3B HDAC1 H2AC21 AQP9 ITGA2B ITGAL ITGAM ITGB2 ITGB3 MPO H3-5 H2BC18 NCF2 NCF4 NFKB1 TLR7 TLR8 HDAC7 PIK3CD PLCB2 PLCG2 MAPK13 AZU1 RAC2 RAF1 RELA ACTB SELP SELPLG CLEC7A NCF1 H3C13 SYK TLR2 TLR4 H2AC19 C5AR1 GSDMD CAMP H4C9 H2AC13 H2AC15 H2AC16 H2AC6 H2AC20 H2BC8 CASP1 H2BC15 H2BC14 H2BC7 H2BC6 H2BC9 H2BC10 H2BC4 H2BC17 H2BC21 H3C1 H3C4 H3C11 H3C10 H4C4 H4C12 H4C8 H4C5 CASP4 H2BC12 H2AC11 H2BC11 MACROH2A1"
3.32055618925794e-29,72,109,3.76314241129672,"Path:hsa04659 Th17 cell differentiation","https://www.genome.jp/kegg-bin/show_pathway?hsa04659 ","MAPK14 AHR FOS IL27 GATA3 LAT TBX21 HIF1A HLA-DMA HLA-DMB HLA-DOA HLA-DOB HLA-DPA1 HLA-DPB1 HLA-DQA1 HLA-DQA2 HLA-DQB1 HLA-DQB2 HLA-DRA HLA-DRB1 HLA-DRB5 IFNG IFNGR1 IFNGR2 IKBKB IL1B IL1R1 IL1RAP IL2RA IL2RB IL2RG IL4R IL6R IL12RB1 IRF4 JAK1 JAK3 JUN LCK NFATC1 NFATC2 NFATC3 NFKB1 NFKBIA NFKBIE IL21R FOXP3 IL23A PPP3CC PRKCQ MAPK13 RARA RELA RORC RXRA STAT1 STAT3 STAT5A STAT5B STAT6 TGFB1 TGFBR1 TGFBR2 TYK2 ZAP70 IKBKG RUNX1 CD3D CD3E CD3G CD247 CD4"
1.82436137291753e-27,60,100,4.05583126550868,"Path:hsa04061 Viral protein interaction with cytokine and cytokine receptor","https://www.genome.jp/kegg-bin/show_pathway?hsa04061 ","CCR9 IL24 CCR1 CCR3 CCR4 CCR5 CCR6 CCR7 CSF1R CX3CR1 XCR1 CXCR3 CXCL1 CXCL3 IL2RA IL2RB IL2RG IL6R CXCL8 CXCR1 CXCR2 IL10 IL10RA IL10RB IL18 LTA LTBR CCL3L3 CXCL9 PF4 PF4V1 IL20RB PPBP CCL3 CCL4 CCL5 CCL14 CCL18 CCL20 CCL23 CCL24 CXCL6 CXCL5 XCL1 CXCR5 XCL2 TNF TNFRSF1A TNFRSF1B CCR2 CXCR4 TNFSF14 TNFSF10 TNFRSF14 TNFRSF10D TNFRSF10C TNFRSF10B TNFRSF10A IL18RAP IL18R1"
8.07523529199412e-27,94,180,3.03541511909089,"Path:hsa05168 Herpes simplex virus 1 infection","https://www.genome.jp/kegg-bin/show_pathway?hsa05168 ","ALYREF IRF9 NXF1 CGAS TICAM1 DAXX EIF4EBP1 RIGI PDIA3 PILRA HLA-A HLA-B HLA-C HLA-DMA HLA-DMB HLA-DOA HLA-DOB HLA-DPA1 HLA-DPB1 HLA-DQA1 HLA-DQA2 HLA-DQB1 HLA-DQB2 HLA-DRA HLA-DRB1 HLA-DRB5 HLA-E HLA-F HLA-G APAF1 BIRC3 STING1 IFNAR2 IFNG IFNGR1 IFNGR2 FAS IKBKB IL1B FASLG IRAK1 IRF3 IRF7 ITGA5 ITGB3 JAK1 LTA MYD88 NFKB1 NFKBIA OAS1 OAS2 IRAK4 CFP PIK3CD PML TLR9 POU2F2 PPP1CA TAPBPL NXF3 B2M ZC3HAV1 BAK1 BAX RELA BCL2L1 RNASEL CCL5 CARD9 SRSF3 SRSF4 SP100 SRPK1 STAT1 BST2 SYK TAP1 TAP2 TAPBP TLR2 TNF TNFRSF1A TP53 TYK2 CALR CASP8 IKBKG TRADD TNFSF14 TNFRSF14 FADD SOCS3 IKBKE"
1.47802467198133e-26,109,238,2.77691964786713,"Path:hsa05171 Coronavirus disease-COVID-19","https://www.genome.jp/kegg-bin/show_pathway?hsa05171 ","IRF9 NLRP3 CGAS MAPK14 CYBB CFD HBEGF F13A1 FAU FCGR2A FGA FGB FGG RPL13A FOS RIGI RPL36 STING1 IFNAR2 IKBKB IL1B IL6R CXCL8 IRAK1 IRF3 JAK1 JUN RPSA MX1 MX2 MYD88 RPL10A NFKB1 NFKBIA OAS1 OAS2 IRAK4 TLR7 TLR8 PIK3CD PLCG2 MAPK13 ACE2 RELA RPL3 RPL3L RPL4 RPL7A RPL8 RPL10 RPL11 RPL12 RPL13 RPL18 RPL18A RPL19 RPL23A RPL30 RPL27A RPL28 RPL29 RPL32 RPL39 RPLP0 RPLP1 RPLP2 RPS2 RPS3 RPS4X RPS4Y1 RPS5 RPS6 RPS8 RPS9 RPS10 RPS11 RPS12 RPS13 RPS14 RPS15 RPS15A RPS16 RPS18 RPS19 RPS20 RPS26 RPS27 RPS28 RPS29 SELP STAT1 STAT3 SYK TLR2 TLR4 C1QA TNF C1QB TNFRSF1A C1QC C2 C3AR1 C5AR1 TYK2 UBA52 CASP1 IKBKG RPL14 ISG15"
1.98654301161614e-26,103,205,2.85348784390297,"Path:hsa05169 Epstein-Barr virus infection","https://www.genome.jp/kegg-bin/show_pathway?hsa05169 ","BCL2L11 CDK2 CDKN1A CDKN1B IRF9 GADD45G CR2 MAPK14 DDB2 GADD45A E2F2 FCER2 RIGI PDIA3 BLNK HDAC1 HLA-A HLA-B HLA-C HLA-DMA HLA-DMB HLA-DOA HLA-DOB HLA-DPA1 HLA-DPB1 HLA-DQA1 HLA-DQA2 HLA-DQB1 HLA-DQB2 HLA-DRA HLA-DRB1 HLA-DRB5 HLA-E HLA-F HLA-G APAF1 ICAM1 IFNAR2 RBPJ FAS IKBKB IRAK1 IRF3 IRF7 ITGAL JAK1 JAK3 JUN LYN MYC MYD88 GADD45B NFKB1 NFKB2 NFKBIA NFKBIE OAS1 OAS2 IRAK4 PIK3CD PLCG2 TAPBPL MAPK13 MAP2K3 B2M BAK1 BAX RELA RELB STAT1 STAT3 SYK TAP1 TAP2 TAPBP BTK TLR2 TNF TNFAIP3 TP53 TYK2 VIM CALR CASP8 IKBKG RUNX3 TRADD FADD SAP30 CCNA2 CCND3 MAP3K14 CD3D CD3E CD3G CD247 CD19 ENTPD1 CD40 CD44 ISG15 IKBKE CD58"
6.00690679541244e-23,59,93,3.64777507111299,"Path:hsa04658 Th1 and Th2 cell differentiation","https://www.genome.jp/kegg-bin/show_pathway?hsa04658 ","MAPK14 FOS GATA3 LAT TBX21 HLA-DMA HLA-DMB HLA-DOA HLA-DOB HLA-DPA1 HLA-DPB1 HLA-DQA1 HLA-DQA2 HLA-DQB1 HLA-DQB2 HLA-DRA HLA-DRB1 HLA-DRB5 IFNG IFNGR1 IFNGR2 RBPJ IKBKB IL2RA IL2RB IL2RG IL4R IL12RB1 IL12RB2 JAK1 JAK3 JUN LCK NFATC1 NFATC2 NFATC3 NFKB1 NFKBIA NFKBIE NOTCH1 NOTCH2 PPP3CC MAML3 PRKCQ MAPK13 RELA STAT1 STAT5A STAT5B STAT6 TYK2 ZAP70 IKBKG RUNX3 CD3D CD3E CD3G CD247 CD4"
8.62360401121904e-22,34,45,4.92493796526055,"Path:hsa05332 Graft-versus-host disease","https://www.genome.jp/kegg-bin/show_pathway?hsa05332 ","GZMB HLA-A HLA-B HLA-C HLA-DMA HLA-DMB HLA-DOA HLA-DOB HLA-DPA1 HLA-DPB1 HLA-DQA1 HLA-DQA2 HLA-DQB1 HLA-DQB2 HLA-DRA HLA-DRB1 HLA-DRB5 HLA-E HLA-F HLA-G IFNG FAS IL1B FASLG KIR2DL1 KIR2DL3 KIR3DL1 KIR3DL2 KLRC1 KLRD1 PRF1 TNF CD28 CD80"
1.44683601429837e-21,86,180,2.81291523253022,"Path:hsa05152 Tuberculosis","https://www.genome.jp/kegg-bin/show_pathway?hsa05152 ","TCIRG1 TLR6 CEBPB MALT1 CORO1A PLK3 CR1 CR1L MAPK14 CTSD CTSS FCER1G FCGR1A FCGR2A FCGR2B FCGR3A FCGR3B CLEC4E CD209 HLA-DMA HLA-DMB HLA-DOA HLA-DOB HLA-DPA1 HLA-DPB1 HLA-DQA1 HLA-DQA2 HLA-DQB1 HLA-DQB2 HLA-DRA HLA-DRB1 HLA-DRB5 APAF1 IFNG IFNGR1 IFNGR2 IL1B IL10 IL10RA IL10RB IL18 IRAK1 IRAK2 ITGAM ITGAX ITGB2 JAK1 RHOA LBP LSP1 CIITA MRC1 MYD88 NFKB1 NFYA IRAK4 IL23A ATP6V0B TLR9 PPP3CC MAPK13 BAX RAF1 RELA NOD2 CARD9 CLEC7A STAT1 SYK TGFB1 TLR1 TLR2 TLR4 TNF TNFRSF1A VDR CAMP CASP8 CASP10 RFXANK TRADD RIPK2 FADD BCL10 CD14 CD74"
2.2191490105985e-21,52,82,3.76612903225806,"Path:hsa04612 Antigen processing and presentation","https://www.genome.jp/kegg-bin/show_pathway?hsa04612 ","IFI30 CTSS PDIA3 HLA-A HLA-B HLA-C HLA-DMA HLA-DMB HLA-DOA HLA-DOB HLA-DPA1 HLA-DPB1 HLA-DQA1 HLA-DQA2 HLA-DQB1 HLA-DQB2 HLA-DRA HLA-DRB1 HLA-DRB5 HLA-E HLA-F HLA-G HSPA1A HSPA1B HSPA5 HSPA6 IFNG KIR2DL1 KIR2DL3 KIR2DL4 KIR2DS4 KIR3DL1 KIR3DL2 KLRC1 KLRC3 KLRD1 CIITA NFYA TAPBPL B2M PSME1 PSME2 TAP1 TAP2 TAPBP TNF CALR KLRC4 RFXANK CD4 CD8A CD8B"
3.99900117546152e-21,86,186,2.77708191746614,"Path:hsa04621 NOD-like receptor signaling pathway","https://www.genome.jp/kegg-bin/show_pathway?hsa04621 ","NAMPT IRF9 RBCK1 TXNIP RIPK3 GABARAP NLRP3 CARD16 GBP4 GBP5 ANTXR2 MAPK14 TICAM1 CYBA CYBB DEFA1 DEFA3 DEFA4 NLRP6 NLRP7 NLRP1 CARD8 GBP1 GBP2 GBP3 CXCL1 CXCL3 BIRC3 STING1 IFI16 IFNAR2 IRGM IKBKB IL1B CXCL8 IL18 IRF3 IRF7 ITPR3 JAK1 JUN RHOA MEFV MYD88 NAIP NFKB1 NFKBIA OAS1 OAS2 IRAK4 TRPV2 PLCB2 PRKCD PKN1 MAPK13 NLRC4 RELA BCL2L1 RNASEL CCL5 GPSM3 NOD2 CARD9 MAP1LC3B2 STAT1 TLR4 TNF TNFAIP3 DEFA1B TYK2 GSDMD SHARPIN CAMP CASP1 CASP4 CASP5 CASP8 CARD6 IKBKG RIPK2 FADD PSTPIP1 MCU NLRP12 AIM2 IKBKE"
5.07298652490534e-21,43,66,4.19232558694407,"Path:hsa05321 Inflammatory bowel disease","https://www.genome.jp/kegg-bin/show_pathway?hsa05321 ","GATA3 TBX21 HLA-DMA HLA-DMB HLA-DOA HLA-DOB HLA-DPA1 HLA-DPB1 HLA-DQA1 HLA-DQA2 HLA-DQB1 HLA-DQB2 HLA-DRA HLA-DRB1 HLA-DRB5 IFNG IFNGR1 IFNGR2 IL1B IL2RG IL4R IL10 IL12RB1 IL12RB2 IL18 JUN NFATC1 NFKB1 IL21R FOXP3 IL23A RELA RORC NOD2 STAT1 STAT3 STAT6 TGFB1 TLR2 TLR4 TLR5 TNF IL18RAP"
5.68495200613657e-21,74,134,3.00131513647643,"Path:hsa04380 Osteoclast differentiation","https://www.genome.jp/kegg-bin/show_pathway?hsa04380 ","LILRB2 SIRPB1 IRF9 LILRB1 LILRB5 LILRB4 LILRA1 LILRB3 LILRA2 OSCAR MAPK14 CSF1R CYBA FCGR1A FCGR2A FCGR2B FCGR3A FCGR3B FOS LILRA4 FOSL2 BLNK IFNAR2 IFNG IFNGR1 IFNGR2 LILRA5 IKBKB IL1B IL1R1 ITGB3 ITPR3 JAK1 JUN JUNB JUND LCK LCP2 NCF2 NCF4 NFATC1 NFATC2 NFKB1 NFKB2 NFKBIA ATP2A1 ATP2A3 PIK3CD PLCG2 ACP5 PPP3CC SIRPG MAPK13 RELA RELB NCF1 SPI1 STAT1 SYK BTK TEC TGFB1 TGFBR1 TGFBR2 TNF TNFRSF1A TYK2 TYROBP LILRA6 FOSL1 IKBKG SOCS1 MAP3K14 SOCS3"
1.93096955221811e-20,51,77,3.69370347394541,"Path:hsa05140 Leishmaniasis","https://www.genome.jp/kegg-bin/show_pathway?hsa05140 ","CR1 CR1L MAPK14 CYBA CYBB EEF1A1 FCGR1A FCGR2A FCGR3A FCGR3B FOS HLA-DMA HLA-DMB HLA-DOA HLA-DOB HLA-DPA1 HLA-DPB1 HLA-DQA1 HLA-DQA2 HLA-DQB1 HLA-DQB2 HLA-DRA HLA-DRB1 HLA-DRB5 IFNG IFNGR1 IFNGR2 IL1B IL10 IRAK1 ITGA4 ITGAM ITGB2 JAK1 JUN MYD88 NCF2 NCF4 NFKB1 NFKBIA IRAK4 MAPK13 PTGS2 PTPN6 RELA NCF1 STAT1 TGFB1 TLR2 TLR4 TNF"
4.46970895078034e-20,79,173,2.82051646104917,"Path:hsa05164 Influenza A","https://www.genome.jp/kegg-bin/show_pathway?hsa05164 ","CALCOCO2 IRF9 NXF1 HNRNPUL1 NLRP3 TICAM1 RIGI NXT1 HLA-DMA HLA-DMB HLA-DOA HLA-DOB HLA-DPA1 HLA-DPB1 HLA-DQA1 HLA-DQA2 HLA-DQB1 HLA-DQB2 HLA-DRA HLA-DRB1 HLA-DRB5 APAF1 DNAJB1 ICAM1 IFNAR2 IFNG IFNGR1 IFNGR2 FAS IKBKB IL1B FASLG CXCL8 IL18 IRF3 IRF7 JAK1 CIITA MX1 MX2 MYD88 NFKB1 NFKBIA NUP98 OAS1 OAS2 IRAK4 TLR7 PIK3CD PLG PML NXF3 DNAJC3 BAK1 BAX RAF1 RELA ACTB RNASEL CCL5 TPSB2 STAT1 TLR4 TNF TNFRSF1A TPSAB1 TYK2 TRIM25 CASP1 CASP8 IKBKG TRADD TNFSF10 FADD TNFRSF10B TNFRSF10A CCND3 SOCS3 RSAD2"
2.86611994503273e-19,61,105,3.1882178762375,"Path:hsa04064 NF-kappa B signaling pathway","https://www.genome.jp/kegg-bin/show_pathway?hsa04064 ","TNFSF13B MALT1 GADD45G EDAR TNFRSF13C EDARADD TICAM1 GADD45A RIGI LY96 LAT CXCL1 CXCL3 BLNK BIRC3 ICAM1 IKBKB IL1B IL1R1 CXCL8 IRAK1 LBP LCK LTA LTB LTBR LYN MYD88 GADD45B NFKB1 NFKB2 NFKBIA IRAK4 PLAU PLCG2 PRKCQ PTGS2 BCL2A1 RELA RELB BCL2L1 CCL4 SYK BTK TLR4 TNF TNFAIP3 TNFRSF1A TRAF1 ZAP70 TRIM25 CARD11 IKBKG TRADD TNFSF14 CFLAR BCL10 MAP3K14 CD14 CCL4L2 CD40"
2.86611994503273e-19,30,39,4.90624749859921,"Path:hsa05330 Allograft rejection","https://www.genome.jp/kegg-bin/show_pathway?hsa05330 ","GZMB HLA-A HLA-B HLA-C HLA-DMA HLA-DMB HLA-DOA HLA-DOB HLA-DPA1 HLA-DPB1 HLA-DQA1 HLA-DQA2 HLA-DQB1 HLA-DQB2 HLA-DRA HLA-DRB1 HLA-DRB5 HLA-E HLA-F HLA-G IFNG FAS FASLG IL10 PRF1 TNF CD28 CD80 CD86 CD40"
8.06053212873275e-19,48,98,3.63208770045554,"Path:hsa05150 Staphylococcus aureus infection","https://www.genome.jp/kegg-bin/show_pathway?hsa05150 ","DEFA1 DEFA3 DEFA4 DEFB1 CFD FCAR FCGR1A FCGR2A FCGR2B FCGR3A FCGR3B FGG FPR1 FPR2 FPR3 KRT23 HLA-DMA HLA-DMB HLA-DOA HLA-DOB HLA-DPA1 HLA-DPB1 HLA-DQA1 HLA-DQA2 HLA-DQB1 HLA-DQB2 HLA-DRA HLA-DRB1 HLA-DRB5 ICAM1 IL10 ITGAL ITGAM ITGB2 KRT13 KRT18 PLG PTAFR SELP SELPLG C1QA C1QB C1QC C2 C3AR1 C5AR1 DEFA1B CAMP"
1.6184804753575e-17,29,54,4.74270591531258,"Path:hsa05320 Autoimmune thyroid disease","https://www.genome.jp/kegg-bin/show_pathway?hsa05320 ","CTLA4 GZMB HLA-A HLA-B HLA-C HLA-DMA HLA-DMB HLA-DOA HLA-DOB HLA-DPA1 HLA-DPB1 HLA-DQA1 HLA-DQA2 HLA-DQB1 HLA-DQB2 HLA-DRA HLA-DRB1 HLA-DRB5 HLA-E HLA-F HLA-G FAS FASLG IL10 PRF1 CD28 CD80 CD86 CD40"
3.59614132219471e-17,61,132,2.97362628841382,"Path:hsa04650 Natural killer cell mediated cytotoxicity","https://www.genome.jp/kegg-bin/show_pathway?hsa04650 ","MICA VAV3 HCST SH2D1B FCER1G FCGR3A FCGR3B KLRK1 NCR3 LAT GZMB HLA-A HLA-B HLA-C HLA-E HLA-G ICAM1 ICAM2 IFNAR2 IFNG IFNGR1 IFNGR2 FAS FASLG ITGAL ITGB2 ARAF KIR2DL1 KIR2DL3 KIR2DL4 KIR2DS4 KIR3DL1 KIR3DL2 KLRC1 KLRC3 KLRD1 LCK LCP2 SH2D1A MICB NFATC1 NFATC2 CD244 PIK3CD PLCG2 PPP3CC PRF1 PTPN6 RAC2 RAF1 SH3BP2 SYK TNF TYROBP VAV1 LAT2 ZAP70 TNFSF10 TNFRSF10B TNFRSF10A CD247"
3.04523938541175e-16,33,50,4.18257599255583,"Path:hsa04672 Intestinal immune network for IgA production","https://www.genome.jp/kegg-bin/show_pathway?hsa04672 ","TNFSF13B CCR9 TNFRSF13C TNFRSF13B ICOS HLA-DMA HLA-DMB HLA-DOA HLA-DOB HLA-DPA1 HLA-DPB1 HLA-DQA1 HLA-DQA2 HLA-DQB1 HLA-DQB2 HLA-DRA HLA-DRB1 HLA-DRB5 IL10 IL15 IL15RA ITGA4 ITGB7 LTBR PIGR TNFRSF17 TGFB1 CXCR4 MAP3K14 CD28 CD80 CD86 CD40"
5.63175565857581e-16,63,136,2.80172554525271,"Path:hsa05162 Measles","https://www.genome.jp/kegg-bin/show_pathway?hsa05162 ","CDK2 CDKN1B IRF9 RACK1 FCGR2B FOS RIGI BBC3 CD209 APAF1 HSPA1A HSPA1B HSPA6 IFNAR2 FAS IKBKB IL1B IL2RA FASLG IL2RB IL2RG IRAK1 IRF3 IRF7 JAK1 JAK3 JUN MSN MX1 MX2 MYD88 NFKB1 NFKBIA OAS1 OAS2 IRAK4 TLR7 PIK3CD TLR9 BAK1 BAX RELA BCL2L1 SLAMF1 STAT1 STAT3 STAT5A STAT5B TLR2 TLR4 TNFAIP3 TP53 TYK2 CASP8 IKBKG CBLB TRADD FADD CCND3 CD3D CD3E CD3G CD28"
9.5055147628018e-16,95,224,2.27183944707149,"Path:hsa05166 Human T-cell leukemia virus 1 infection","https://www.genome.jp/kegg-bin/show_pathway?hsa05166 ","CDK2 CDKN1A CHEK1 CHEK2 ADCY7 TNFRSF13C E2F2 CRTC2 ETS1 FOS GPS2 HLA-A HLA-B HLA-C HLA-DMA HLA-DMB HLA-DOA HLA-DOB HLA-DPA1 HLA-DPB1 HLA-DQA1 HLA-DQA2 HLA-DQB1 HLA-DQB2 HLA-DRA HLA-DRB1 HLA-DRB5 HLA-E HLA-F HLA-G ICAM1 IKBKB IL1R1 IL2RA IL2RB IL2RG IL15 IL15RA ITGAL ITGB2 JAK1 JAK3 JUN LCK LTA LTBR MAP3K1 MAP3K3 MYC NFATC1 NFATC2 NFATC3 NFKB1 NFKB2 NFKBIA PIK3CD PPP3CC B2M PTEN BAX RELA RELB BCL2L1 SPI1 STAT5A STAT5B TCF3 BUB1B TGFB1 TGFBR1 TGFBR2 TSPO TLN1 TNF TNFRSF1A TP53 ZFP36 IL1R2 FOSL1 CALR MAD1L1 IKBKG CCNA2 CCND3 MAP3K14 CCNB2 CD3D CD3E CD3G CD4 PTTG1 CD40 CREB5 ESPL1 CDC20"
1.09451651371065e-15,87,216,2.35867192579716,"Path:hsa05417 Lipid and atherosclerosis","https://www.genome.jp/kegg-bin/show_pathway?hsa05417 ","TANK TLR6 VAV3 NLRP3 MAPK14 TICAM1 CYBA CYBB DDIT3 AGER ABCA1 ERN1 ATF6 FOS LY96 CXCL1 CXCL3 ERO1A APAF1 HSPA1A HSPA1B HSPA5 HSPA6 APOA1 APOB ICAM1 FAS IKBKB IL1B FASLG CXCL8 IL18 IRAK1 IRF3 IRF7 JUN RHOA LBP LYN CCL3L3 MMP9 MYD88 NCF2 NCF4 NFATC1 NFATC2 NFATC3 NFKB1 NFKBIA OLR1 IRAK4 PIK3CD PLCB2 POU2F2 PPP3CC MAPK13 MAP2K3 BAX RAP1B RELA BCL2L1 RXRA CCL3 CCL5 SELP NCF1 SOD2 STAT3 TLR2 TLR4 TNF TNFRSF1A TP53 VAV1 XBP1 CASP1 CASP8 IKBKG TNFSF10 TNFRSF10B TNFRSF10A ARHGEF1 CD14 CD36 CD40 CD40LG IKBKE"
1.23637534698525e-15,49,84,3.18486750015906,"Path:hsa04662 B cell receptor signaling pathway","https://www.genome.jp/kegg-bin/show_pathway?hsa04662 ","LILRB2 VAV3 LILRB1 MALT1 LILRB5 LILRB4 LILRA1 LILRB3 LILRA2 PIK3AP1 CR2 FCGR2B FOS LILRA4 DAPP1 BLNK LILRA5 IKBKB INPP5D INPPL1 JUN LYN NFATC1 NFATC2 NFATC3 NFKB1 NFKBIA NFKBIE PIK3CD PLCG2 BANK1 PPP3CC PTPN6 RAC2 RAF1 RELA BLK SYK BTK VAV1 LILRA6 CARD11 IKBKG IFITM1 BCL10 CD19 CD72 CD79A CD79B"
3.61303899803285e-15,22,32,5.06978908188586,"Path:hsa05310 Asthma","https://www.genome.jp/kegg-bin/show_pathway?hsa05310 ","FCER1A MS4A2 FCER1G HLA-DMA HLA-DMB HLA-DOA HLA-DOB HLA-DPA1 HLA-DPB1 HLA-DQA1 HLA-DQA2 HLA-DQB1 HLA-DQB2 HLA-DRA HLA-DRB1 HLA-DRB5 IL10 PRG2 RNASE3 TNF EPX CD40"
4.96955828795897e-15,80,193,2.39990015710573,"Path:hsa04062 Chemokine signaling pathway","https://www.genome.jp/kegg-bin/show_pathway?hsa04062 ","RASGRP2 VAV3 CXCR6 CCR9 ADCY7 CCR1 CCR3 CCR4 CCR5 CCR6 CCR7 PIK3R6 CX3CR1 GRK2 DOCK2 FGR PIK3R5 GNAI2 GNAI3 GNB2 GNG5 GNGT2 XCR1 CXCR3 GRK6 CXCL1 CXCL3 HCK IKBKB CXCL8 CXCR1 CXCR2 ITK JAK3 RHOA LYN ARRB2 CCL3L3 CXCL9 NFKB1 NFKBIA PF4 PF4V1 PIK3CD PIK3CG PLCB2 PLCG2 GNG2 PPBP PRKCD PREX1 CXCL16 PXN RAC2 RAF1 RAP1B RELA CCL3 CCL4 CCL5 CCL14 CCL18 CCL20 CCL23 CCL24 CXCL6 CXCL5 XCL1 CXCR5 NCF1 STAT1 STAT3 STAT5B XCL2 CCR2 VAV1 WAS CXCR4 IKBKG CCL4L2"
5.01874848733052e-15,79,201,2.41273094860833,"Path:hsa05202 Transcriptional misregulation in cancer","https://www.genome.jp/kegg-bin/show_pathway?hsa05202 ","CDKN1A CDKN1B CEBPA CEBPB CEBPE GADD45G CSF1R DDB2 GADD45A DDIT3 DEFA1 DEFA3 DEFA4 PTCRA ELANE ETV6 FCGR1A FLI1 FLT3 GZMB H3-3A H3-3B HDAC1 HHEX HOXA9 HPGD BIRC3 IL2RB CXCL8 ITGAM ITGB7 LYL1 MAX MMP9 MPO H3-5 MYC GADD45B NFKB1 NTRK1 PAX5 KLF3 ETV7 PLAU PML BMP2K BAK1 BAX RARA REL BCL2A1 RELA BCL2L1 BCL6 RXRA NFKBIZ BCL11B H3C13 SP1 SPI1 SPINT1 TCF3 TFE3 TGFBR2 TP53 TRAF1 DEFA1B KDM6A IL1R2 H3C1 H3C4 H3C11 H3C10 RUNX2 RUNX1 CCNA2 CD14 CD86 CD40"
1.08197258921347e-14,80,195,2.37183114942028,"Path:hsa05167 Kaposi sarcoma-associated herpesvirus infection","https://www.genome.jp/kegg-bin/show_pathway?hsa05167 ","MICA CDKN1A IRF9 CCR1 CCR3 CCR4 CCR5 CD200R1 MAPK14 PIK3R6 TICAM1 E2F2 FOS PIK3R5 GNB2 GNG5 GNGT2 CXCL1 CXCL3 HCK HIF1A HLA-A HLA-B HLA-C HLA-E HLA-F HLA-G ICAM1 IFNAR2 IFNGR1 FAS IKBKB CXCL8 IRF3 IRF7 ITPR3 JAK1 JUN LYN MICB MYC NFATC1 NFATC2 NFATC3 NFKB1 NFKBIA LEF1 PIK3CD PIK3CG PLCG2 GNG2 PPP3CC MAPK13 PTGS2 PREX1 BAK1 BAX RAF1 RELA MAP1LC3B2 ATG3 STAT1 STAT3 SYK TCF7 TNFRSF1A TP53 TYK2 UBA52 UBB UBC VEGFA ZFP36 CASP8 IKBKG TRADD FADD MAPKAPK2 CD86 IKBKE"
5.26893406127358e-14,85,213,2.25618885843088,"Path:hsa05170 Human immunodeficiency virus 1 infection","https://www.genome.jp/kegg-bin/show_pathway?hsa05170 ","AP1M2 CFL1 CHEK1 CGAS CCR5 APOBEC3D MAPK14 APOBEC3H APOBEC3A APOBEC3F FOS SAMHD1 APOBEC3C GNAI2 GNAI3 GNB2 GNG5 GNGT2 PDIA3 HLA-A HLA-B HLA-C HLA-E HLA-F HLA-G STING1 FAS IKBKB FASLG IRAK1 IRF3 ITPR3 JUN LIMK2 MYD88 NFATC1 NFATC2 NFATC3 NFKB1 NFKBIA PAK2 IRAK4 PIK3CD PLCG2 GNG2 TAPBPL PPP3CC MAPK13 MAP2K3 B2M BAK1 BAX PXN RAC2 RAF1 RELA BCL2L1 APOBEC3G RPS6KB2 BST2 TAP1 TAP2 TAPBP TLR2 TLR4 TNF TNFRSF1A TNFRSF1B WEE1 CXCR4 CALR CASP8 IKBKG TRIM5 TRADD FADD CCNB2 CD3D CD3E CD3G CD247 CD4 APOBEC3B CDK1 CDC25C"
6.45541323518511e-14,29,44,4.08399676040805,"Path:hsa04940 Type I diabetes mellitus","https://www.genome.jp/kegg-bin/show_pathway?hsa04940 ","GZMB HLA-A HLA-B HLA-C HLA-DMA HLA-DMB HLA-DOA HLA-DOB HLA-DPA1 HLA-DPB1 HLA-DQA1 HLA-DQA2 HLA-DQB1 HLA-DQB2 HLA-DRA HLA-DRB1 HLA-DRB5 HLA-E HLA-F HLA-G IFNG FAS IL1B FASLG LTA PRF1 TNF CD28 CD80"
6.45541323518511e-14,57,112,2.72620733648579,"Path:hsa05145 Toxoplasmosis","https://www.genome.jp/kegg-bin/show_pathway?hsa05145 ","CCR5 MAPK14 PIK3R6 PIK3R5 LY96 ALOX5 GNAI2 GNAI3 HLA-DMA HLA-DMB HLA-DOA HLA-DOB HLA-DPA1 HLA-DPB1 HLA-DQA1 HLA-DQA2 HLA-DQB1 HLA-DQB2 HLA-DRA HLA-DRB1 HLA-DRB5 BIRC3 HSPA1A HSPA1B HSPA6 IRGM IFNG IFNGR1 IFNGR2 IKBKB IL10 IL10RA IL10RB IRAK1 JAK1 CIITA MYD88 NFKB1 NFKBIA IRAK4 PIK3CG MAPK13 MAP2K3 RELA BCL2L1 STAT1 STAT3 TGFB1 TLR2 TLR4 TNF TNFRSF1A TYK2 CASP8 IKBKG SOCS1 CD40"
8.40966561099342e-14,47,94,3.01620363099538,"Path:hsa05323 Rheumatoid arthritis","https://www.genome.jp/kegg-bin/show_pathway?hsa05323 ","TCIRG1 TNFSF13B CTLA4 FOS CXCL1 CXCL3 HLA-DMA HLA-DMB HLA-DOA HLA-DOB HLA-DPA1 HLA-DPB1 HLA-DQA1 HLA-DQA2 HLA-DQB1 HLA-DQB2 HLA-DRA HLA-DRB1 HLA-DRB5 ICAM1 IFNG IL1B CXCL8 IL15 IL18 ITGAL ITGB2 JUN LTB CCL3L3 IL23A ATP6V0B ACP5 CCL3 CCL5 CCL20 CXCL6 CXCL5 TGFB1 TLR2 TLR4 TNF VEGFA ATP6V0E1 CD28 CD80 CD86"
8.01549886424463e-13,49,109,2.82295073877735,"Path:hsa04620 Toll-like receptor signaling pathway","https://www.genome.jp/kegg-bin/show_pathway?hsa04620 ","TLR6 IRF9 MAP3K8 MAPK14 TICAM1 FOS LY96 IFNAR2 IKBKB IL1B CXCL8 IRAK1 IRF3 IRF5 IRF7 JAK1 JUN LBP CCL3L3 CXCL9 MYD88 NFKB1 NFKBIA IRAK4 TLR7 TLR8 PIK3CD TLR9 MAPK13 MAP2K3 RELA CCL3 CCL4 CCL5 STAT1 TLR1 TLR2 TLR4 TLR5 TNF TYK2 CASP8 IKBKG FADD CD14 CD80 CD86 CCL4L2 CD40"
1.57014793868869e-12,93,251,2.06794028340081,"Path:hsa05131 Shigellosis","https://www.genome.jp/kegg-bin/show_pathway?hsa05131 ","ARPC5 ARPC4 ARPC3 ARPC1B ACTR3 ARPC2 WASF2 CALCOCO2 TNIP1 MYL12B RBCK1 MYL12A SEPTIN9 MALT1 NLRP3 CGAS MAPK14 DIAPH1 SEPTIN6 CYTH4 MYL11 H3-3A H3-3B HCLS1 HK2 HK3 STING1 IKBKB IL1B IL1R1 CXCL8 IL18 IRF3 ITGA5 ITPR3 JUN ARF1 ARF6 RHOA FOXO4 H3-5 MYD88 MYL2 NAIP NFKB1 NFKBIA PFN1 PIK3CD PLCB2 PLCG2 WIPI1 PRKCD PRKCQ MAPK13 BAX PXN NLRC4 RELA BCL2L1 ACTB RPS6KB2 CCL5 MAP1LC3B2 H3C13 TLN1 TLR4 TLR5 TNF TNFRSF1A TP53 UBA52 UBB UBC UBE2D1 UBE2D3 VCL SHARPIN CAST CASP1 H3C1 H3C4 H3C11 H3C10 CASP4 IKBKG ACTN1 TRADD RIPK2 BCL10 TIFA CYTH1 CD14 CD44"
2.88890832810967e-12,51,103,2.69332544975186,"Path:hsa05142 Chagas disease","https://www.genome.jp/kegg-bin/show_pathway?hsa05142 ","TLR6 MAPK14 TICAM1 FOS GNA15 GNAI2 GNAI3 IFNG IFNGR1 IFNGR2 FAS IKBKB IL1B FASLG CXCL8 IL10 IRAK1 JUN KNG1 CCL3L3 MYD88 NFKB1 NFKBIA SERPINE1 IRAK4 PIK3CD PLCB2 TLR9 MAPK13 RELA CCL3 CCL5 TGFB1 TGFBR1 TGFBR2 TLR2 TLR4 C1QA TNF C1QB TNFRSF1A C1QC CALR CASP8 IKBKG FADD CFLAR CD3D CD3E CD3G CD247"
3.37485099438836e-12,47,90,2.80329513939571,"Path:hsa05235 PD-L1 expression and PD-1 checkpoint pathway in cancer","https://www.genome.jp/kegg-bin/show_pathway?hsa05235 ","RASGRP1 BATF MAPK14 TICAM1 FOS LAT EML4 CD274 HIF1A IFNG IFNGR1 IFNGR2 IKBKB JAK1 JUN LCK MAP3K3 MYD88 NFATC1 NFATC2 NFATC3 NFKB1 NFKBIA NFKBIE PDCD1 PIK3CD TLR9 PPP3CC PRKCQ MAPK13 MAP2K3 PTEN PTPN6 RAF1 RELA RPS6KB2 STAT1 STAT3 TLR2 TLR4 ZAP70 IKBKG CD3D CD3E CD3G CD247 CD4"
4.83466920069827e-12,62,138,2.41789940828402,"Path:hsa05135 Yersinia infection","https://www.genome.jp/kegg-bin/show_pathway?hsa05135 ","ARPC5 ARPC4 ARPC3 ARPC1B ACTR3 ARPC2 WASF2 VAV3 NLRP3 MAPK14 TICAM1 FCGR2A FOS FYB1 LAT IKBKB IL1B CXCL8 IL10 IL18 IRAK1 IRF3 ITGA4 ITGA5 JUN ARF6 RHOA RHOG LCK LCP2 MEFV MYD88 NFATC1 NFATC2 NFATC3 NFKB1 NFKBIA IRAK4 PIK3CD PKN1 MAPK13 MAP2K3 PXN NLRC4 RAC2 RELA ACTB RPS6KA1 RPS6KA3 TLR4 TNF VAV1 WAS WIPF1 ZAP70 CASP1 IKBKG SKAP2 ARHGEF1 CD4 CD8A CD8B"
8.0783336987112e-12,59,168,2.45178324451857,"Path:hsa04630 JAK-STAT signaling pathway","https://www.genome.jp/kegg-bin/show_pathway?hsa04630 ","CDKN1A IRF9 IL24 CISH IL31RA CSF2RA CSF2RB CSF3R EPOR CLCF1 IL27 IFNAR2 IFNG IFNGR1 IFNGR2 IL2RA IL2RB IL2RG IL3RA IL4R IL5RA IL6R IL7R IL9R IL10 IL10RA IL10RB IL12RB1 IL12RB2 IL13RA1 IL15 IL15RA JAK1 JAK3 LEP LIF MCL1 MYC OSM IL21R IL23A PIM1 PIK3CD IL20RB PTPN2 PTPN6 RAF1 BCL2L1 STAT1 STAT3 STAT5A STAT5B STAT6 TYK2 PIAS1 SOCS1 CCND3 SOCS3 IL27RA"
1.12110625262794e-11,84,227,2.08756021018829,"Path:hsa05163 Human cytomegalovirus infection","https://www.genome.jp/kegg-bin/show_pathway?hsa05163 ","CDKN1A GNA13 AKAP13 ADCY7 CGAS CCR1 CCR3 CCR5 MAPK14 E2F2 EIF4EBP1 GNAI2 GNAI3 GNB2 GNG5 GNGT2 PDIA3 HLA-A HLA-B HLA-C HLA-E HLA-F HLA-G STING1 FAS IKBKB IL1B IL1R1 FASLG IL6R CXCL8 CXCR2 IL10RA IL10RB IRF3 ITGB3 ITPR3 JAK1 RHOA CCL3L3 MYC NFATC1 NFATC2 NFATC3 NFKB1 NFKBIA PIK3CD PLCB2 GNG2 TAPBPL PPP3CC MAPK13 B2M PTGER2 PTGER4 PTGS2 BAK1 BAX PXN RAC2 RAF1 RELA RPS6KB2 CCL3 CCL4 CCL5 SP1 STAT3 TAP1 TAP2 TAPBP TNF TNFRSF1A TP53 VEGFA CXCR4 CALR CASP8 IKBKG TRADD FADD ARHGEF1 CCL4L2 CREB5"
1.40338635305468e-11,25,38,3.96077272022333,"Path:hsa05340 Primary immunodeficiency","https://www.genome.jp/kegg-bin/show_pathway?hsa05340 ","TNFRSF13C TNFRSF13B BLNK ICOS IGLL1 IL2RG IL7R JAK3 LCK CIITA PTPRC TAP1 TAP2 BTK ZAP70 IKBKG RFXANK CD3D CD3E CD4 CD8A CD8B CD19 CD40 CD40LG"
1.42651336001279e-11,76,205,2.16462904619846,"Path:hsa05203 Viral carcinogenesis","https://www.genome.jp/kegg-bin/show_pathway?hsa05203 ","CDK2 CDKN1A CDKN1B IRF9 CHEK1 H2BK1 CCR3 CCR4 CCR5 H2BC26 SND1 H2BC5 HDAC1 HLA-A HLA-B HLA-C HLA-E HLA-F HLA-G RBPJ IRF3 IRF7 JAK1 JAK3 JUN RHOA LTBR LYN H2BC18 NFKB1 NFKB2 NFKBIA HDAC7 PIK3CD PMAIP1 BAK1 BAX PXN RBL2 REL RELA SP100 STAT3 STAT5A STAT5B SYK TP53 TRAF1 H4C9 H2BC8 H2BC15 H2BC14 H2BC7 H2BC6 H2BC9 H2BC10 H2BC4 H2BC17 H2BC21 H4C4 H4C12 H4C8 H4C5 MAD1L1 CASP8 IKBKG H2BC12 ACTN1 TRADD CCNA2 CCND3 H2BC11 MAPKAPK2 CREB5 CDK1 CDC20"
8.04885112353403e-11,48,105,2.58882846734597,"Path:hsa04625 C-type lectin receptor signaling pathway","https://www.genome.jp/kegg-bin/show_pathway?hsa04625 ","IRF9 MALT1 NLRP3 PLK3 MAPK14 FCER1G CLEC4E CD209 CLEC4D IKBKB IL1B IL10 IRF1 ITPR3 JUN RHOA LSP1 NFATC1 NFATC2 NFATC3 NFKB1 NFKB2 NFKBIA CLEC1B IL23A PIK3CD PLCG2 PPP3CC PRKCD MAPK13 PTGS2 RAF1 RELA RELB BCL3 CARD9 CLEC7A STAT1 SYK TNF CASP1 CASP8 IKBKG CBLB BCL10 MAP3K14 MAPKAPK2 CLEC6A"
1.26932033798003e-10,74,200,2.10766512393008,"Path:hsa05130 Pathogenic Escherichia coli infection","https://www.genome.jp/kegg-bin/show_pathway?hsa05130 ","ARPC5 ARPC4 ARPC3 ARPC1B ACTR3 ARPC2 WASF2 GNA13 SEC24A NLRP3 CLDN7 MAPK14 F2R FCGR2A FOS CLDN15 GAPDH CYTH4 HCLS1 NCKAP1L FAS IKBKB IL1B IL1R1 FASLG CXCL8 IL18 IRAK1 JUN ARF1 ARF6 RHOA MYO1F MYD88 MYH9 MYO1A NAIP NFKB1 NFKBIA PAK2 IRAK4 MAPK13 LPAR5 PTPN6 BAK1 BAX RELA ACTB RPS3 MYO1G TLR4 TLR5 TNF TNFRSF1A TUBA4A EZR WIPF1 TUBB1 CASP1 CASP4 CASP8 TUBA1C IKBKG TRADD TNFSF10 FADD TNFRSF10B TNFRSF10A CLDN9 ARHGEF1 LPAR2 CYTH1 NHERF1 SEC24D"
1.55988614277936e-10,62,153,2.26134477033758,"Path:hsa04145 Phagosome","https://www.genome.jp/kegg-bin/show_pathway?hsa04145 ","TCIRG1 TLR6 CORO1A CTSS CYBA CYBB FCAR FCGR1A FCGR2A FCGR2B FCGR3A FCGR3B CD209 HLA-A HLA-B HLA-C HLA-DMA HLA-DMB HLA-DOA HLA-DOB HLA-DPA1 HLA-DPB1 HLA-DQA1 HLA-DQA2 HLA-DQB1 HLA-DQB2 HLA-DRA HLA-DRB1 HLA-DRB5 HLA-E HLA-F HLA-G ITGA5 ITGAM ITGB2 ITGB3 M6PR MPO MRC1 MSR1 NCF2 NCF4 OLR1 ATP6V0B ACTB CLEC7A NCF1 TAP1 TAP2 TFRC THBS1 TLR2 TLR4 TUBA4A TUBB1 CALR RILP TUBA1C MARCO ATP6V0E1 CD14 CD36"
1.64149273414362e-10,91,248,1.93844876660342,"Path:hsa05132 Salmonella infection","https://www.genome.jp/kegg-bin/show_pathway?hsa05132 ","ARPC5 ARPC4 ARPC3 ARPC1B ACTR3 ARPC2 TLR6 MYL12B MYL12A RIPK3 SNX18 NLRP3 MAPK14 KLC3 DNM2 MLKL FLNA FOS LY96 GAPDH CYTH4 FHOD1 MYL11 ANXA2 NCKAP1L BIRC3 IKBKB IL1B CXCL8 IL18 IRAK1 JUN ARF1 ARF6 RHOA RHOB RHOG RHOH M6PR MYC MYD88 MYL2 NAIP NFKB1 NFKBIA IRAK4 LEF1 PFN1 PIK3CD PIK3CG TLR9 PKN1 MAPK13 MAP2K3 VPS18 BAK1 PTPRC BAX NLRC4 RAF1 RELA ACTB RPS3 S100A10 TCF7 DYNLT1 TLR2 TLR4 TLR5 TNF TNFRSF1A TUBA4A GSDMD TUBB1 CASP1 RILP CASP4 CASP5 CASP8 TUBA1C IKBKG STX10 TRADD TNFSF10 RIPK2 FADD TNFRSF10B TNFRSF10A CYTH1 CD14 PLEKHM1"
1.90537818447041e-10,59,137,2.30090427562512,"Path:hsa04210 Apoptosis","https://www.genome.jp/kegg-bin/show_pathway?hsa04210 ","BCL2L11 CTSC GADD45G PARP4 CSF2RB CTSD CTSH CTSS CTSW CTSZ DAXX GADD45A DDIT3 ERN1 FOS BBC3 GZMB APAF1 BIRC3 BIRC5 FAS IKBKB FASLG IL3RA ITPR3 JUN LMNB1 MCL1 GADD45B NFKB1 NFKBIA NTRK1 PIK3CD PMAIP1 PRF1 BAK1 BAX RAF1 BCL2A1 RELA BCL2L1 ACTB TNF TNFRSF1A TP53 TRAF1 TUBA4A CASP2 CASP8 CASP10 TUBA1C IKBKG TRADD TNFSF10 FADD TNFRSF10B TNFRSF10A CFLAR MAP3K14"
3.47183368673047e-10,30,49,3.23603558418246,"Path:hsa05144 Malaria","https://www.genome.jp/kegg-bin/show_pathway?hsa05144 ","CR1 CR1L KLRK1 GYPA GYPB GYPC HBA1 HBA2 HBB ICAM1 IFNG IL1B CXCL8 IL10 IL18 ITGAL ITGB2 KLRB1 MYD88 PECAM1 TLR9 SELP TGFB1 THBS1 TLR2 TLR4 TNF CD36 CD40 CD40LG"
1.38664417402861e-09,61,160,2.17786714081012,"Path:hsa04514 Cell adhesion molecule (CAM) interaction","https://www.genome.jp/kegg-bin/show_pathway?hsa04514 ","CD226 JAML CLDN7 VCAN CTLA4 TIGIT CLDN15 CD274 ICOS HLA-A HLA-B HLA-C HLA-DMA HLA-DMB HLA-DOA HLA-DOB HLA-DPA1 HLA-DPB1 HLA-DQA1 HLA-DQA2 HLA-DQB1 HLA-DQB2 HLA-DRA HLA-DRB1 HLA-DRB5 HLA-E HLA-F HLA-G ICAM1 ICAM2 ICAM3 ITGA4 ITGAL ITGAM ITGB2 ITGB7 CD99 MPZ F11R PDCD1 PECAM1 PTPRC SELL SELP SELPLG VSIR SIGLEC1 SPN PDCD1LG2 CLDN9 CD2 CD4 CD6 CD8A CD8B CD28 CD80 CD86 CD40 CD40LG CD58"
1.43124648570297e-09,52,121,2.3330002854696,"Path:hsa04660 T cell receptor signaling pathway","https://www.genome.jp/kegg-bin/show_pathway?hsa04660 ","RASGRP1 VAV3 MALT1 MAP3K8 MAPK14 CTLA4 FOS LAT ICOS IFNG IKBKB IL10 ITK JUN RHOA LCK LCP2 NFATC1 NFATC2 NFATC3 NFKB1 NFKBIA NFKBIE PAK2 PDCD1 PIK3CD PPP3CC PRKCQ MAPK13 PTPN6 PTPRC RAF1 RELA TEC TNF VAV1 ZAP70 CARD11 IKBKG CBLB BCL10 MAP3K14 CD3D CD3E CD3G CD247 CD4 CD8A CD8B CD28 GRAP2 CD40LG"
1.13766228573347e-08,30,56,2.92487831647261,"Path:hsa05134 Legionellosis","https://www.genome.jp/kegg-bin/show_pathway?hsa05134 ","CR1 CR1L EEF1A1 EEF1G CXCL1 CXCL3 APAF1 HSPA1A HSPA1B HSPA6 IL1B CXCL8 IL18 ITGAM ITGB2 ARF1 MYD88 NAIP NFKB1 NFKB2 NFKBIA NLRC4 RELA TLR2 TLR4 TLR5 TNF CASP1 CASP8 CD14"
1.56520650304381e-08,54,166,2.17276674937965,"Path:hsa04217 Necroptosis","https://www.genome.jp/kegg-bin/show_pathway?hsa04217 ","IRF9 RBCK1 RIPK3 NLRP3 TICAM1 CYBB MLKL ALOX15 FTH1 FTL CHMP2A H2AC8 H2AC7 H2AC21 BIRC3 IFNAR2 IFNG IFNGR1 IFNGR2 FAS IL1B FASLG JAK1 JAK3 BAX PYGL STAT1 STAT3 STAT5A STAT5B STAT6 TLR4 TNF TNFAIP3 TNFRSF1A H2AC19 TYK2 ZBP1 SHARPIN H2AC13 H2AC15 H2AC16 H2AC6 H2AC20 CASP1 CASP8 TRADD TNFSF10 FADD TNFRSF10B TNFRSF10A CFLAR H2AC11 MACROH2A1"
1.94719992733526e-08,36,78,2.60732009925558,"Path:hsa05133 Pertussis","https://www.genome.jp/kegg-bin/show_pathway?hsa05133 ","CFL1 NLRP3 MAPK14 TICAM1 FOS LY96 GNAI2 GNAI3 IRF8 IL1B CXCL8 IL10 IRAK1 IRF1 IRF3 ITGA5 ITGAM ITGB2 JUN RHOA MYD88 NFKB1 IRAK4 IL23A MAPK13 RELA CXCL6 CXCL5 TLR4 C1QA TNF C1QB C1QC C2 C4BPA CASP1"
1.1480216860244e-07,48,119,2.17276674937965,"Path:hsa04668 TNF signaling pathway","https://www.genome.jp/kegg-bin/show_pathway?hsa04668 ","CEBPB RIPK3 MAP3K8 MAPK14 MLKL FOS CXCL1 CXCL3 BIRC3 ICAM1 FAS IKBKB IL1B IL15 IRF1 JUN JUNB LIF LTA MMP9 NFKB1 NFKBIA PIK3CD MAPK13 MAP2K3 PTGS2 RELA BCL3 CCL5 CCL20 CXCL6 CXCL5 NOD2 TNF TNFAIP3 TNFRSF1A TNFRSF1B TRAF1 RHBDF2 CASP8 CASP10 IKBKG TRADD FADD IL18R1 CFLAR MAP3K14 SOCS3"
1.53757675227961e-07,45,116,2.21495639499868,"Path:hsa04670 Leukocyte transendothelial migration","https://www.genome.jp/kegg-bin/show_pathway?hsa04670 ","MYL12B VAV3 MYL12A CLDN7 MAPK14 CYBA CYBB CLDN15 GNAI2 GNAI3 MYL11 ICAM1 ITGA4 ITGAL ITGAM ITGB2 ITK RHOA RHOH CD99 MMP9 MSN MYL2 NCF2 NCF4 F11R PECAM1 PIK3CD PLCG2 MAPK13 PXN RAC2 RAP1B ACTB SIPA1 NCF1 TXK VASP VAV1 VCL EZR CXCR4 RASSF5 ACTN1 CLDN9"
2.04036608111774e-07,34,87,2.49815693890028,"Path:hsa04610 Complement and coagulation cascades","https://www.genome.jp/kegg-bin/show_pathway?hsa04610 ","VSIG4 CPB2 CR1 CR1L CR2 CD55 CFD F2R F2RL2 F5 F13A1 FGA FGB FGG ITGAM ITGAX ITGB2 KNG1 SERPINC1 SERPINE1 SERPINB2 SERPINA1 PLAU PLAUR PLG PROC THBD C1QA C1QB C1QC C2 C3AR1 C4BPA C5AR1"
2.19089574859473e-07,145,533,1.5157101378834,"Path:hsa05200 Pathways in cancer","https://www.genome.jp/kegg-bin/show_pathway?hsa05200 ","BCL2L11 FRAT1 RASGRP1 LPAR6 CDK2 RASGRP2 CDKN1A CDKN1B CEBPA GNA13 GADD45G PIM2 RASSF1 EGLN2 ADCY7 RASGRP4 CKS2 CSF1R CSF2RA CSF2RB CSF3R DDB2 GADD45A E2F2 EPOR ESR2 ETS1 F2R FLT3 FLT3LG FRAT2 FOS DAPK2 BBC3 EML4 GNAI2 GNAI3 GNB2 GNG5 GNGT2 GSTA1 HDAC1 HIF1A HMOX1 APAF1 BIRC3 BIRC5 IFNAR2 IFNG IFNGR1 IFNGR2 IGF2 FAS IKBKB IL2RA FASLG IL2RB IL2RG IL3RA IL4R IL5RA IL6R IL7R CXCL8 IL12RB1 IL12RB2 IL13RA1 IL15 IL15RA ITGA2B ARAF JAK1 JAK3 JUN KNG1 RHOA ARNT MAX MMP9 MYC GADD45B NFKB1 NFKB2 NFKBIA NOTCH1 NOTCH2 NTRK1 LEF1 IL23A PIM1 PIK3CD PLCB2 PLCG2 PMAIP1 PML GNG2 LPAR5 PTEN PTGER2 PTGER4 PTGS2 BAK1 BAX RAC2 RAD51 RAF1 RALB RARA RELA BCL2L1 RPS6KB2 RXRA SP1 SPI1 BRCA2 STAT1 STAT3 STAT5A STAT5B STAT6 STK4 TCF7 TGFB1 TGFBR1 TGFBR2 TP53 TPM3 TRAF1 VEGFA CXCR4 NCOA4 NCOA3 AXIN1 RASSF5 CASP8 IKBKG RUNX1 CBL FADD CCNA2 CCND3 ARHGEF1 LPAR2 GSTO1 CDC42"
5.98236273096065e-07,56,163,1.95798750748695,"Path:hsa05161 Hepatitis B","https://www.genome.jp/kegg-bin/show_pathway?hsa05161 ","CDK2 CDKN1A MAPK14 TICAM1 DDB2 E2F2 FOS RIGI APAF1 BIRC5 FAS IKBKB FASLG CXCL8 IRAK1 IRF3 IRF7 ARAF JAK1 JAK3 JUN MAP3K1 MMP9 MYC MYD88 NFATC1 NFATC2 NFATC3 NFKB1 NFKBIA IRAK4 PIK3CD MAPK13 MAP2K3 BAX RAF1 RELA STAT1 STAT3 STAT5A STAT5B STAT6 TGFB1 TGFBR1 TGFBR2 TLR2 TLR4 TNF TP53 TYK2 CASP8 CASP10 IKBKG FADD CCNA2 CREB5"
1.57455803398039e-06,47,126,2.03658193887722,"Path:hsa04611 Platelet activation","https://www.genome.jp/kegg-bin/show_pathway?hsa04611 ","RASGRP1 RASGRP2 MYL12B MYL12A GNA13 ADCY7 MAPK14 PIK3R6 F2R FCER1G FCGR2A FGA FGB FGG PIK3R5 GNAI2 GNAI3 GP1BA GP5 GP9 ITGA2B ITGB3 ITPR3 RHOA LCP2 LYN P2RX1 PIK3CD PIK3CG PLCB2 PLCG2 APBB1IP PPP1CA MAPK13 PTGIR PTGS1 RAP1B ACTB SYK TBXAS1 BTK TLN1 VASP FERMT3 VAMP8 SNAP23 ARHGEF1"
1.94668145465794e-06,31,70,2.41789940828402,"Path:hsa05416 Viral myocarditis","https://www.genome.jp/kegg-bin/show_pathway?hsa05416 ","CD55 HLA-A HLA-B HLA-C HLA-DMA HLA-DMB HLA-DOA HLA-DOB HLA-DPA1 HLA-DPB1 HLA-DQA1 HLA-DQA2 HLA-DQB1 HLA-DQB2 HLA-DRA HLA-DRB1 HLA-DRB5 HLA-E HLA-F HLA-G ICAM1 ITGAL ITGB2 PRF1 RAC2 ACTB CASP8 CD28 CD80 CD86 CD40"
3.08041341434947e-06,30,68,2.4141852770885,"Path:hsa05221 Acute myeloid leukemia","https://www.genome.jp/kegg-bin/show_pathway?hsa05221 ","CEBPA CEBPE PIM2 CSF1R EIF4EBP1 FCGR1A FLT3 IKBKB ITGAM ARAF MPO MYC NFKB1 LEF1 PIM1 PIK3CD PML RAF1 RARA BCL2A1 RELA RPS6KB2 SPI1 STAT3 STAT5A STAT5B TCF7 IKBKG RUNX1 CCNA2"
3.69833408844996e-06,54,191,1.88805938221956,"Path:hsa05034 Alcoholism","https://www.genome.jp/kegg-bin/show_pathway?hsa05034 ","H2BK1 GRIN3B H2BC26 ADORA2A GNAI2 GNAI3 GNB2 GNG5 GNGT2 H2AC8 H2AC7 H2BC5 H3-3A H3-3B HDAC1 H2AC21 ARAF H3-5 H2BC18 HDAC7 GNG2 PPP1CA RAF1 H3C13 H2AC19 H4C9 H2AC13 H2AC15 H2AC16 H2AC6 H2AC20 H2BC8 H2BC15 H2BC14 H2BC7 H2BC6 H2BC9 H2BC10 H2BC4 H2BC17 H2BC21 H3C1 H3C4 H3C11 H3C10 H4C4 H4C12 H4C8 H4C5 H2BC12 H2AC11 H2BC11 MACROH2A1 CREB5"
4.56631348191834e-06,30,83,2.37646363213399,"Path:hsa04623 Cytosolic DNA-sensing pathway","https://www.genome.jp/kegg-bin/show_pathway?hsa04623 ","RIPK3 NLRP3 CGAS DNASE2 MLKL RIGI SAMHD1 STING1 IFI16 IKBKB IL1B IL18 IRF3 IRF7 MEFV NFKB1 NFKBIA PCBP1 POLR1D RELA CCL4 CCL5 GSDMD ZBP1 CASP1 CASP8 IKBKG FADD AIM2 CCL4L2"
5.36567005893117e-06,33,94,2.26085188786802,"Path:hsa04657 IL-17 signaling pathway","https://www.genome.jp/kegg-bin/show_pathway?hsa04657 ","CEBPB MAPK14 FOS IL17RA IL17C CXCL1 CXCL3 IFNG IKBKB IL1B CXCL8 JUN JUND LCN2 MMP9 NFKB1 NFKBIA MAPK7 MAPK13 PTGS2 RELA S100A8 S100A9 CCL20 CXCL6 CXCL5 TNF TNFAIP3 FOSL1 CASP8 IKBKG TRADD FADD"
5.85572349440909e-06,49,156,1.92573383730548,"Path:hsa05160 Hepatitis C","https://www.genome.jp/kegg-bin/show_pathway?hsa05160 ","CDK2 CDKN1A IRF9 CLDN7 TICAM1 E2F2 RIGI CLDN15 APAF1 IFNAR2 IFNG FAS IKBKB FASLG IRF3 IRF7 ARAF JAK1 IFIT1B MX1 MX2 MYC NFKB1 NFKBIA OAS1 OAS2 PIK3CD BAK1 BAX RAF1 RELA RNASEL RXRA STAT1 STAT3 TNF TNFRSF1A TP53 TYK2 CASP8 IKBKG PIAS1 TRADD FADD CFLAR SOCS3 CLDN9 RSAD2 IKBKE"
9.04364480018978e-06,46,144,1.94341914805624,"Path:hsa04936 Alcoholic liver disease","https://www.genome.jp/kegg-bin/show_pathway?hsa04936 ","ADH1A ADH1B ADH1C ADH4 ADH6 MAPK14 TICAM1 FABP1 LY96 IL17RA CXCL1 CXCL3 FAS IKBKB IL1B FASLG CXCL8 IRAK1 IRF3 LBP MYD88 NFKB1 NFKBIA ADIPOR1 IRAK4 LEF1 MAPK13 MAP2K3 RELA TCF7 TLR4 C1QA TNF C1QB TNFRSF1A C1QC C2 C3AR1 C5AR1 CASP8 IKBKG TRADD FADD MAP3K14 CD14 IKBKE"
3.76385054655894e-05,36,98,2.02791563275434,"Path:hsa04666 Fc gamma R-mediated phagocytosis","https://www.genome.jp/kegg-bin/show_pathway?hsa04666 ","ARPC5 ARPC4 ARPC3 ARPC1B ACTR3 ARPC2 WASF2 VAV3 CFL1 DNM2 FCGR1A FCGR2A FCGR2B FCGR3A FCGR3B LAT HCK INPP5D INPPL1 ARF6 LIMK2 LYN ASAP1 PIK3CD PLCG2 PRKCD PTPRC RAC2 RAF1 RPS6KB2 NCF1 SYK VASP VAV1 WAS GAB2"
4.77625154219702e-05,18,37,2.76533949921047,"Path:hsa05143 African trypanosomiasis","https://www.genome.jp/kegg-bin/show_pathway?hsa05143 ","F2RL1 HBA1 HBA2 HBB APOA1 ICAM1 IFNG FAS IL1B FASLG IL10 IL18 IDO1 KNG1 MYD88 PLCB2 TLR9 TNF"
5.78232573739105e-05,30,75,2.14216440079684,"Path:hsa04115 p53 signaling pathway","https://www.genome.jp/kegg-bin/show_pathway?hsa04115 ","CDKN1A GADD45G CHEK1 CHEK2 DDB2 GADD45A BBC3 APAF1 FAS CD82 MDM4 GADD45B SERPINE1 SHISA5 GTSE1 PMAIP1 STEAP3 PTEN BAX BCL2L1 RRM2 THBS1 TP53 SESN2 CASP8 TNFRSF10B TNFRSF10A CCND3 CCNB2 TP53I3"
0.000105769004797108,51,157,1.73529693406831,"Path:hsa04218 Cellular senescence","https://www.genome.jp/kegg-bin/show_pathway?hsa04218 ","CDK2 CDKN1A GADD45G CHEK1 CHEK2 MAPK14 GADD45A E2F2 EIF4EBP1 ETS1 FOXM1 HLA-A HLA-B HLA-C HLA-E HLA-F HLA-G CXCL8 ITPR3 KIR2DL4 MYBL2 MYC GADD45B NFATC1 NFATC2 NFATC3 NFKB1 SERPINE1 PIK3CD PPP1CA PPP3CC MAPK13 MAP2K3 PTEN RAF1 RBL2 TRPV4 RELA ZFP36L1 ZFP36L2 TGFB1 TGFBR1 TGFBR2 TP53 RASSF5 CCNA2 CCND3 MCU CCNB2 MAPKAPK2 CDK1"
0.000169785965256149,54,198,1.67956202712783,"Path:hsa03010 Ribosome","https://www.genome.jp/kegg-bin/show_pathway?hsa03010 ","RACK1 FAU RPL13A RPL36 RPSA RPL10A RPL3 RPL3L RPL4 RPL7A RPL8 RPL10 RPL11 RPL12 RPL13 RPL18 RPL18A RPL19 RPL23A RPL30 RPL27A RPL28 RPL29 RPL32 RPL39 RPLP0 RPLP1 RPLP2 RPS2 RPS3 RPS4X RPS4Y1 RPS5 RPS6 RPS8 RPS9 RPS10 RPS11 RPS12 RPS13 RPS14 RPS15 RPS15A RPS16 RPS18 RPS19 RPS20 RPS26 RPS27 RPS28 RPS29 MRPS6 UBA52 RPL14"
0.000169785965256149,83,300,1.50821682364346,"Path:hsa04010 MAPK signaling pathway","https://www.genome.jp/kegg-bin/show_pathway?hsa04010 ","RASGRP1 RASGRP2 MAP3K2 GADD45G MAP4K1 DUSP10 RASGRP4 MAP3K8 MAPK14 CSF1R DAXX GADD45A DDIT3 DUSP1 DUSP2 DUSP5 EFNA4 EREG FLNA FLT3 FLT3LG FOS MKNK2 HSPA1A HSPA1B HSPA6 HSPB1 IGF2 FAS IKBKB IL1B IL1R1 IL1RAP FASLG IRAK1 ARAF JUN JUND AREG ARRB2 MAX MAP3K1 MAP3K3 MAP3K11 MYC MYD88 GADD45B NFATC1 NFATC3 NFKB1 NFKB2 NTRK1 PAK2 IRAK4 PPP3CC MAPK7 MAPK13 MAP2K3 PTPN7 RAC2 RAF1 RAP1B RELA RELB RPS6KA1 RPS6KA3 STK4 TGFB1 TGFBR1 TGFBR2 TNF TNFRSF1A TP53 VEGFA MAPKAPK3 PDGFD IKBKG MKNK1 TRADD MAP3K14 MAPKAPK2 CD14 CACNA2D4"
0.000202834775958647,37,110,1.87582196029777,"Path:hsa04066 HIF-1 signaling pathway","https://www.genome.jp/kegg-bin/show_pathway?hsa04066 ","CDKN1A CDKN1B EGLN2 CYBB EIF4EBP1 ENO3 ALDOA ALDOB GAPDH MKNK2 HIF1A HK2 HK3 HMOX1 IFNG IFNGR1 IFNGR2 IL6R LDHA ARNT LTBR NFKB1 SERPINE1 PDK1 PFKFB3 PGK1 PIK3CD PLCG2 RELA RPS6 RPS6KB2 STAT3 TFRC TIMP1 TLR4 VEGFA MKNK1"
0.000233896940141058,23,72,2.24240670929567,"Path:hsa04622 RIG-I-like receptor signaling pathway","https://www.genome.jp/kegg-bin/show_pathway?hsa04622 ","MAPK14 RIGI STING1 IKBKB CXCL8 IRF3 IRF7 MAP3K1 NFKB1 NFKBIA RNF125 MAPK13 ZNFX1 RELA TNF TRIM25 CASP8 CASP10 IKBKG TRADD FADD ISG15 IKBKE"
0.000267753566440663,51,157,1.67895612452064,"Path:hsa04148 Efferocytosis","https://www.genome.jp/kegg-bin/show_pathway?hsa04148 ","SIRPB1 CEBPB MAPK14 CX3CR1 AGER DUSP2 DUSP5 ABCA1 EPOR STAB1 ATP11B ALOX5 ALOX15 HAVCR1 GPR132 HIF1A ANO9 IL10 ITGB3 ARG1 ARNT NFATC1 NFATC2 NFATC3 ATP2A1 ATP2A3 P2RY2 PECAM1 XKR8 SIRPG STAB2 MAPK13 PTGER2 PTGER4 PTGS2 VPS18 PTPN6 RXRA TGFB1 THBS1 C1QA C1QB C1QC CALR CASP1 HAVCR2 SCARF1 SIGLEC10 TIMD4 MAPKAPK2 CD36"
0.000388727981715645,29,77,1.98680923479311,"Path:hsa05212 Pancreatic cancer","https://www.genome.jp/kegg-bin/show_pathway?hsa05212 ","CDKN1A GADD45G DDB2 GADD45A E2F2 IKBKB ARAF JAK1 GADD45B NFKB1 PIK3CD BAK1 BAX RAC2 RAD51 RAF1 RALB RELA BCL2L1 RPS6KB2 BRCA2 STAT1 STAT3 TGFB1 TGFBR1 TGFBR2 TP53 VEGFA IKBKG"
0.000497055163792675,18,41,2.40147903878804,"Path:hsa04216 Ferroptosis","https://www.genome.jp/kegg-bin/show_pathway?hsa04216 ","CYBB ACSL1 ACSL4 ALOX15 FTH1 FTL SLC40A1 HMOX1 PCBP1 PCBP2 ACSL5 STEAP3 SAT1 MAP1LC3B2 SLC3A2 TFRC TP53 NCOA4"
0.00100866160401187,28,77,1.91829857152438,"Path:hsa05220 Chronic myeloid leukemia","https://www.genome.jp/kegg-bin/show_pathway?hsa05220 ","CDKN1A CDKN1B GADD45G DDB2 GADD45A E2F2 HDAC1 IKBKB ARAF MYC GADD45B NFKB1 NFKBIA PIK3CD BAK1 BAX RAF1 RELA BCL2L1 STAT5A STAT5B TGFB1 TGFBR1 TGFBR2 TP53 IKBKG RUNX1 CBL"
0.00194866701780258,30,87,1.81063895781638,"Path:hsa05210 Colorectal cancer","https://www.genome.jp/kegg-bin/show_pathway?hsa05210 ","BCL2L11 CDKN1A GADD45G DDB2 GADD45A EREG FOS BBC3 BIRC5 ARAF JUN AREG RHOA MYC GADD45B LEF1 PIK3CD PMAIP1 BAK1 BAX RAC2 RAF1 RALB RPS6KB2 TCF7 TGFB1 TGFBR1 TGFBR2 TP53 AXIN1"
0.00284954966168884,21,67,2.00878435320006,"Path:hsa00010 Glycolysis/Gluconeogenesis","https://www.genome.jp/kegg-bin/show_pathway?hsa00010 ","ADH1A ADH1B ADH1C ADH4 ADH6 GALM ENO3 FBP1 ALDH3B1 ALDOA ALDOB GAPDH HK2 HK3 LDHA PCK2 PGK1 PKLR PGM2 BPGM ADPGK"
0.00371500878893295,30,103,1.74820313168478,"Path:hsa05146 Amoebiasis","https://www.genome.jp/kegg-bin/show_pathway?hsa05146 ","CTSG GNA15 CXCL1 CXCL3 HSPB1 IFNG IL1B IL1R1 CXCL8 IL10 ITGAM ITGB2 ARG1 NFKB1 SERPINB9 SERPINB10 PIK3CD PLCB2 RELA TGFB1 TLR2 TLR4 TNF VCL IL1R2 ACTN1 CD1A CD1C CD1D CD14"
0.00518349509059323,60,231,1.4485111662531,"Path:hsa04810 Regulation of actin cytoskeleton","https://www.genome.jp/kegg-bin/show_pathway?hsa04810 ","ARPC5 ARPC4 ARPC3 ARPC1B ACTR3 ARPC2 WASF2 MYL12B VAV3 MYL12A GNA13 CFL1 IQGAP2 IQGAP3 DIAPH1 DIAPH2 F2R SPATA13 MYL11 NCKAP1L ITGA2B ITGA4 ITGA5 ITGAD ITGAL ITGAM ITGAX ITGB2 ARAF ITGB3 ITGB7 KNG1 RHOA LIMK2 MSN MYH9 MYL2 PAK2 CYRIB PFN1 PIK3CD PIP4K2A PPP1CA LPAR5 PXN RAC2 RAF1 ACTB TMSB4X VAV1 VCL EZR CXCR4 PDGFD SSH2 ACTN1 IQGAP1 FGD3 ARHGEF1 LPAR2"
0.00732044073529999,39,133,1.56922043010753,"Path:hsa04142 Lysosome","https://www.genome.jp/kegg-bin/show_pathway?hsa04142 ","TCIRG1 NPC2 CTSC TPP1 CTSD CTSE CTSG CTSH CTSS CTSW CTSZ DNASE2 ARSG GBA1 LAMP3 GLA GM2A GNS GUSB HEXB IGF2R M6PR MAN2B1 MANBA ASAH1 NAGA ATP6V0B ACP5 CTSA PSAP MCOLN1 SGSH SLC11A1 LAPTM5 CLTCL1 CD164 LITAF CD63 CD68"
0.00754664119878769,48,173,1.49294402411363,"Path:hsa04141 Protein processing in endoplasmic reticulum","https://www.genome.jp/kegg-bin/show_pathway?hsa04141 ","SEC24A OS9 LMAN2 ERP29 CKAP4 DDIT3 DDOST ERN1 ATF6 TRAM1 PPP1R15A FBXO6 PDIA3 ERO1A HSPA1A HSPA1B HSPA5 HSPA6 DNAJB1 MAN1A1 P4HB UBXN1 UBE2J1 YOD1 EDEM2 NGLY1 DNAJC3 BAG1 BAK1 BAX RAD23A RPN1 RPN2 RRBP1 DNAJC1 SIL1 SSR2 SSR4 UBE2D1 UBE2D3 XBP1 UBXN6 CALR MAGT1 DERL3 PDIA4 EDEM1 SEC24D"
0.00801130169837258,21,69,1.86781703016847,"Path:hsa04664 Fc epsilon RI signaling pathway","https://www.genome.jp/kegg-bin/show_pathway?hsa04664 ","VAV3 MAPK14 FCER1A MS4A2 FCER1G ALOX5 ALOX5AP LAT INPP5D LCP2 LYN PIK3CD PLCG2 MAPK13 MAP2K3 RAC2 RAF1 SYK BTK TNF VAV1"
0.00916716396787334,23,70,1.79392536743653,"Path:hsa05120 Epithelial cell signaling in Helicobacter pylori infection","https://www.genome.jp/kegg-bin/show_pathway?hsa05120 ","TCIRG1 MAPK14 CSK HBEGF CXCL1 CXCL3 IKBKB CXCL8 CXCR1 CXCR2 JUN LYN NFKB1 NFKBIA F11R ATP6V0B PLCG2 MAPK13 RELA CCL5 IKBKG ATP6V0E1 MAP3K14"
0.0150977813260567,17,51,1.91525365315688,"Path:hsa04979 Cholesterol metabolism","https://www.genome.jp/kegg-bin/show_pathway?hsa04979 ","CETP OSBPL5 ABCA1 PCSK9 LDLRAP1 ANGPTL3 MYLIP APOA1 APOA2 APOB APOC1 APOC3 APOH SOAT1 TSPO SOAT2 CD36"
0.0154939215442862,15,41,2.00123253232336,"Path:hsa05219 Bladder cancer","https://www.genome.jp/kegg-bin/show_pathway?hsa05219 ","CDKN1A RASSF1 HBEGF E2F2 TYMP DAPK2 CXCL8 ARAF MMP9 MYC RAF1 THBS1 TP53 UPK3A VEGFA"
0.0165733182331859,75,298,1.32949014385119,"Path:hsa04517 IgSF CAM signaling","https://www.genome.jp/kegg-bin/show_pathway?hsa04517 ","ARPC5 ARPC4 ARPC3 ARPC1B ACTR3 ARPC2 CD96 MYL12B VAV3 MYL12A CD226 SLAMF6 SH2D1B JAML MAPK14 CSK DOK1 TIGIT FGA FGB FGG CD209 ICAM1 ICAM2 ICAM3 IL1RAP INPP5D ITGA4 ITGA5 ITGAL ITGAM ITGAX ITGB2 ITGB3 ARF6 RHOA LCK LCP2 LY9 LYN SH2D1A MPZ MSN MYH9 MYL6 PAK2 F11R CD244 PIK3CD PLCG2 PRKCQ MAPK13 CRTAM PTPN6 SLAMF7 PXN RAP1B ACTB SLAMF1 TUBA4A VAV1 VCL EZR TUBB1 TUBA1C ACTN1 IQGAP1 CD84 DOK2 CD2 CD28 CD80 CD86 CD48 CDC42"
0.0168862601758407,12,30,2.17276674937965,"Path:hsa01523 Antifolate resistance","https://www.genome.jp/kegg-bin/show_pathway?hsa01523 ","ABCC2 FOLR2 FOLR3 IKBKB IL1B ABCC1 NFKB1 RELA TNF TYMS IKBKG ABCC3"
0.0172879059909939,59,233,1.37842191627311,"Path:hsa04820 Cytoskeleton in muscle cells","https://www.genome.jp/kegg-bin/show_pathway?hsa04820 ","CKM MYOM3 COL6A2 XIRP2 VCAN SYNE3 XIRP1 DES DIAPH1 DIAPH2 DSC2 EMD ENO3 FBN2 FHL3 SYNE2 SUN2 AMPD2 AMPD3 TMOD4 TMOD3 MYL11 ITGA2B ITGA4 ITGA5 ITGB3 ITGB7 LBR LMNB1 MYBPC3 MYBPH MYH1 MYH2 MYH9 MYL1 MYL2 MYL4 ACTA1 ACTB PDLIM2 THBS1 TLN1 TNNC2 TNNC1 TNNI1 TNNI2 TNNT3 TPM3 TPM4 VCL VIM FMNL1 ZYX CAPZA1 CAPZB TRIM63 ACTN3 PDLIM1 PDLIM7"
0.0172879059909939,14,37,2.02791563275434,"Path:hsa05216 Thyroid cancer","https://www.genome.jp/kegg-bin/show_pathway?hsa05216 ","GADD45G DDB2 GADD45A MYC GADD45B NTRK1 LEF1 BAK1 BAX RXRA TCF7 TP53 TPM3 NCOA4"
0.0184777764852445,11,31,2.23070719602978,"Path:hsa00030 Pentose phosphate pathway","https://www.genome.jp/kegg-bin/show_pathway?hsa00030 ","FBP1 ALDOA ALDOB RPIA G6PD PGLS PGD PGM2 TALDO1 TKT TKTL1"
0.0208459912584319,30,101,1.56797600470697,"Path:hsa04933 AGE-RAGE signaling pathway in diabetic complications","https://www.genome.jp/kegg-bin/show_pathway?hsa04933 ","CDKN1B MAPK14 CYBB DIAPH1 AGER ICAM1 IL1B CXCL8 JUN NFATC1 NFKB1 SERPINE1 PIM1 PIK3CD PLCB2 PLCG2 PRKCD MAPK13 BAX RELA STAT1 STAT3 STAT5A STAT5B TGFB1 TGFBR1 TGFBR2 THBD TNF VEGFA"
0.0208459912584319,28,93,1.59498982351465,"Path:hsa05222 Small cell lung cancer","https://www.genome.jp/kegg-bin/show_pathway?hsa05222 ","CDK2 CDKN1A CDKN1B GADD45G CKS2 DDB2 GADD45A E2F2 APAF1 BIRC3 IKBKB ITGA2B MAX MYC GADD45B NFKB1 NFKBIA PIK3CD PTEN PTGS2 BAK1 BAX RELA BCL2L1 RXRA TP53 TRAF1 IKBKG"
0.0272570524753418,3,5,5.06978908188586,"Path:hsa03260 Virion-Human immunodeficiency virus","https://www.genome.jp/kegg-bin/show_pathway?hsa03260 ","CCR5 CD209 CXCR4"
0.0272570524753418,43,158,1.42484268314439,"Path:hsa04110 Cell cycle","https://www.genome.jp/kegg-bin/show_pathway?hsa04110 ","CDKN1A CDKN1B CDKN2D NDC80 MAD2L2 GADD45G CHEK1 CHEK2 SGO1 ESCO2 GADD45A DDX11 E2F2 HDAC1 MCM2 MCM5 MCM6 MYC GADD45B ORC1 KNL1 RBL2 BUB1 BUB1B TFDP1 TGFB1 TP53 TTK WEE1 CDT1 CDC45 MAD1L1 CCNA2 CCND3 TICRR PKMYT1 CCNB2 AURKB PTTG1 ESPL1 CDK1 CDC20 CDC25C"
0.0272570524753418,43,320,1.42484268314439,"Path:hsa05206 MicroRNAs in cancer","https://www.genome.jp/kegg-bin/show_pathway?hsa05206 ","BCL2L11 CDKN1A CDKN1B RASSF1 E2F2 EFNA4 EZH2 PDCD4 HDAC1 HMOX1 IKBKB ITGA5 ITGB3 RHOA MCL1 MDM4 MMP9 ABCC1 MYC NFKB1 NOTCH1 NOTCH2 PIM1 PIK3CD PLAU PLCG2 DDIT4 MAPK7 PTEN PTGS2 BAK1 RAF1 ST14 STAT3 THBS1 TP53 VEGFA EZR VIM SOCS1 BMF KIF23 CD44"
0.0277937499670683,37,142,1.46548590648263,"Path:hsa05418 Fluid shear stress and atherosclerosis","https://www.genome.jp/kegg-bin/show_pathway?hsa05418 ","KLF2 MAPK14 CYBA DUSP1 FOS GSTA1 HMOX1 ICAM1 IFNG IKBKB IL1B IL1R1 ITGA2B ITGB3 JUN RHOA SUMO4 MMP9 NCF2 NFKB1 PECAM1 PIK3CD MAPK7 MAPK13 RAC2 TRPV4 RELA ACTB NCF1 THBD TNF TNFRSF1A TP53 VEGFA IL1R2 IKBKG GSTO1"
0.0308153966055856,63,250,1.32529756082493,"Path:hsa04144 Endocytosis","https://www.genome.jp/kegg-bin/show_pathway?hsa04144 ","ARPC5 ARPC4 ARPC3 ARPC1B ACTR3 ARPC2 EHD1 ARAP1 CCR5 GRK2 DNM2 FOLR2 FOLR3 ACAP2 PSD4 LDLRAP1 ARFGAP3 CYTH4 CHMP2A GRK6 SH3KBP1 EHD4 HLA-A HLA-B HLA-C HLA-E HLA-F HLA-G HSPA1A HSPA1B HSPA6 IGF2R IL2RA IL2RB IL2RG CXCR1 CXCR2 ARF1 ARF6 RHOA ARRB2 RAB8A ASAP1 SH3GLB1 SPG21 PML ARAP3 SMAP2 TFRC TGFBR1 TGFBR2 WIPF1 CXCR4 VPS37B RAB11FIP1 RUFY1 CLTCL1 CAPZA1 CAPZB CBL CBLB CYTH1 ACAP1"
0.0373692030584073,35,133,1.45444768742627,"Path:hsa04068 FoxO signaling pathway","https://www.genome.jp/kegg-bin/show_pathway?hsa04068 ","BCL2L11 CDK2 CDKN1A CDKN1B CDKN2D KLF2 GADD45G GABARAP PLK3 MAPK14 GADD45A IKBKB FASLG IL7R IL10 ARAF FOXO4 GADD45B PCK2 PIK3CD MAPK13 PTEN RAF1 RBL2 BCL6 SOD2 STAT3 STK4 TGFB1 TGFBR1 TGFBR2 CAT S1PR4 TNFSF10 CCNB2"
0.0385461393594666,33,120,1.4675705237038,"Path:hsa04722 Neurotrophin signaling pathway","https://www.genome.jp/kegg-bin/show_pathway?hsa04722 ","SH2B3 SH2B2 IRAK3 MAPK14 IKBKB FASLG IRAK1 IRAK2 JUN RHOA ARHGDIA ARHGDIB MAP3K1 MAP3K3 NFKB1 NFKBIA NFKBIE NTRK1 IRAK4 PIK3CD PLCG2 PRKCD MAPK7 MAPK13 BAX RAF1 RAP1B RELA RPS6KA1 RPS6KA3 TP53 RIPK2 MAPKAPK2"
0.0385461393594666,23,78,1.59733080662157,"Path:hsa05100 Bacterial invasion of epithelial cells","https://www.genome.jp/kegg-bin/show_pathway?hsa05100 ","ARPC4 ARPC3 ARPC1B ACTR3 ARPC2 WASF2 MAD2L2 SEPTIN9 SEPTIN1 DNM2 SEPTIN6 HCLS1 ITGA5 RHOA RHOG PIK3CD PXN ACTB VCL ELMO3 CLTCL1 CBL CDC42"
0.0450457398987511,22,73,1.59336228287841,"Path:hsa05223 Non-small cell lung cancer","https://www.genome.jp/kegg-bin/show_pathway?hsa05223 ","CDKN1A GADD45G RASSF1 DDB2 GADD45A E2F2 EML4 ARAF JAK3 GADD45B PIK3CD PLCG2 BAK1 BAX RAF1 RXRA STAT3 STAT5A STAT5B STK4 TP53 RASSF5"
0.0530936549888923,20,70,1.60945685139234,"Path:hsa04920 Adipocytokine signaling pathway","https://www.genome.jp/kegg-bin/show_pathway?hsa04920 ","ACSL1 ACSL4 IKBKB LEP NFKB1 NFKBIA NFKBIE PCK2 ADIPOR1 ACSL5 PRKCQ RELA RXRA STAT3 TNF TNFRSF1A TNFRSF1B IKBKG TRADD SOCS3"
0.0662746531853034,49,204,1.32138119687451,"Path:hsa05205 Proteoglycans in cancer","https://www.genome.jp/kegg-bin/show_pathway?hsa05205 ","CDKN1A VAV3 HPSE MAPK14 HBEGF EIF4B FLNA PDCD4 ANK1 HCLS1 HIF1A IGF2 FAS FASLG ITGA5 ARAF ITGB3 ITPR3 RHOA MMP9 MSN MYC PIK3CD PLAU PLAUR PLCG2 PPP1CA MAPK13 PTPN6 PXN RAF1 ACTB RPS6 RPS6KB2 STAT3 TGFB1 THBS1 TLR2 TLR4 TNF TP53 VAV1 VEGFA EZR CBL IQGAP1 ARHGEF1 CD44 CD63"
0.0798611845869951,29,115,1.42741634344359,"Path:hsa04928 Parathyroid hormone synthesis secretion and action","https://www.genome.jp/kegg-bin/show_pathway?hsa04928 ","GNA13 AKAP13 ADCY7 HBEGF FOS GATA3 GNAI2 GNAI3 ARAF ITPR3 JUND RHOA ARRB2 NACA NR4A2 PDE4D PLCB2 RAF1 RXRA MMP25 SLC34A1 SP1 VDR GCM1 RUNX2 ARHGEF1 NHERF1 CREB5 MAFB"
0.0800511611957921,7,23,2.21803272332506,"Path:hsa04614 Renin-angiotensin system","https://www.genome.jp/kegg-bin/show_pathway?hsa04614 ","CPA3 CTSG ANPEP KLK1 MME CTSA ACE2"
0.0849482476290566,20,75,1.53629972178359,"Path:hsa01524 Platinum drug resistance","https://www.genome.jp/kegg-bin/show_pathway?hsa01524 ","CDKN1A ABCC2 SLC31A1 BBC3 GSTA1 APAF1 BIRC3 BIRC5 FAS FASLG PIK3CD PMAIP1 ATP7A BAK1 BAX BCL2L1 TOP2A TP53 CASP8 FADD"
0.0895664161683559,76,362,1.2270827077176,"Path:hsa04151 PI3K-Akt signaling pathway","https://www.genome.jp/kegg-bin/show_pathway?hsa04151 ","BCL2L11 LPAR6 CDK2 CDKN1A CDKN1B PIK3AP1 COL6A2 CSF1R CSF3R PIK3R6 EFNA4 EIF4B EIF4EBP1 CRTC2 EPOR EREG F2R FLT3 FLT3LG PIK3R5 GNB2 GNG5 GNGT2 IFNAR2 IGF2 IKBKB IL2RA FASLG IL2RB IL2RG IL3RA IL4R IL6R IL7R ITGA2B ITGA4 ITGA5 ITGB3 ITGB7 JAK1 JAK3 AREG MCL1 MYB MYC NFKB1 NTRK1 OSM PCK2 PIK3CD PIK3CG GNG2 DDIT4 PKN1 LPAR5 PTEN RAF1 RBL2 RELA BCL2L1 RPS6 RPS6KB2 RXRA SYK THBS1 TLR2 TLR4 TP53 VEGFA PDGFD TCL1A IKBKG CCND3 LPAR2 CD19 CREB5"
0.100012081949522,4,9,2.8970223325062,"Path:hsa03266 Virion-Herpesvirus","https://www.genome.jp/kegg-bin/show_pathway?hsa03266 ","PILRA IGF2R ITGA5 ITGB3"
0.103752733087961,9,46,1.9011709057072,"Path:hsa00860 Porphyrin metabolism","https://www.genome.jp/kegg-bin/show_pathway?hsa00860 ","ALAS1 ALAS2 FECH FTH1 FTL GUSB HMBS HMOX1 BLVRB"
0.110524733593106,10,37,1.81063895781638,"Path:hsa00350 Tyrosine metabolism","https://www.genome.jp/kegg-bin/show_pathway?hsa00350 ","ADH1A ADH1B ADH1C ADH4 ADH6 ALDH3B1 IL4I1 HGD HPD TAT"
0.111267370534709,39,170,1.31814516129032,"Path:hsa04530 Tight junction","https://www.genome.jp/kegg-bin/show_pathway?hsa04530 ","ARPC5 ARPC4 ARPC3 ARPC1B ACTR3 ARPC2 MYL12B MYL12A CLDN7 CLDN15 TJP3 HCLS1 JUN RHOA LLGL2 MAP3K1 RAB8A MSN MYH9 MYL2 MYL6 F11R RAB8B RAP2C ACTB TUBA4A VASP EZR WAS TUBA1C YBX3 RUNX1 ACTN1 CLDN9 CD1A CD1C CD1D CRB3 NHERF1"
0.114169111894577,18,71,1.52093672456576,"Path:hsa03250 Viral life cycle-HIV-1","https://www.genome.jp/kegg-bin/show_pathway?hsa03250 ","CCR5 APOBEC3D APOBEC3H APOBEC3A APOBEC3F SAMHD1 APOBEC3C MDFIC MX1 MX2 FURIN APOBEC3G BST2 CXCR4 ELL TRIM5 CD4 APOBEC3B"
0.114169111894577,72,332,1.21674937965261,"Path:hsa05165 Human papillomavirus infection","https://www.genome.jp/kegg-bin/show_pathway?hsa05165 ","CDK2 CDKN1A CDKN1B TCIRG1 IRF9 CSNK1A1L COL6A2 TICAM1 EIF4EBP1 HDAC1 HLA-A HLA-B HLA-C HLA-E HLA-F HLA-G IFNAR2 RBPJ FAS IKBKB FASLG IRF1 IRF3 ITGA2B ITGA4 ITGA5 ITGB3 ITGB7 JAK1 LFNG LLGL2 MFNG MX1 MX2 NFKB1 NOTCH1 NOTCH2 PIK3CD ATP6V0B MAML3 PTEN PTGER4 PTGS2 BAK1 BAX PXN RAF1 RBL2 RELA RPS6KB2 STAT1 TCF7 THBS1 TNF TNFRSF1A TP53 TYK2 VEGFA AXIN1 CASP8 IKBKG OASL TRADD FADD CCNA2 CCND3 ATP6V0E1 CRB3 NHERF1 CREB5 ISG15 IKBKE"
0.125579512746969,24,110,1.41482486006117,"Path:hsa04914 Progesterone-mediated oocyte maturation","https://www.genome.jp/kegg-bin/show_pathway?hsa04914 ","CDK2 MAD2L2 ADCY7 MAPK14 GNAI2 GNAI3 ARAF KIF22 PDE3B PIK3CD MAPK13 RAF1 RPS6KA1 RPS6KA3 AURKA STK10 BUB1 SPDYE6 MAD1L1 CCNA2 PKMYT1 CCNB2 CDK1 CDC25C"
0.133999986201506,10,32,1.74820313168478,"Path:hsa04215 Apoptosis-multiple species","https://www.genome.jp/kegg-bin/show_pathway?hsa04215 ","BBC3 APAF1 BIRC3 BIRC5 PMAIP1 BAK1 BAX BCL2L1 TNFRSF1A CASP8"
0.13973051549144,24,99,1.39856250534782,"Path:hsa04750 Inflammatory mediator regulation of TRP channels","https://www.genome.jp/kegg-bin/show_pathway?hsa04750 ","ADCY7 MAPK14 F2RL1 ALOX12 IL1B IL1R1 IL1RAP ITPR3 KNG1 NTRK1 P2RY2 TRPV2 PIK3CD PLCB2 PLCG2 PPP1CA PRKCD PRKCH PRKCQ MAPK13 MAP2K3 PTGER2 PTGER4 TRPV4"
0.156868669720891,4,10,2.53489454094293,"Path:hsa00920 Sulfur metabolism","https://www.genome.jp/kegg-bin/show_pathway?hsa00920 ","ETHE1 MPST SQOR SELENBP1"
0.158512871781028,9,43,1.75492698988357,"Path:hsa04975 Fat digestion and absorption","https://www.genome.jp/kegg-bin/show_pathway?hsa04975 ","AGPAT2 ABCA1 FABP1 APOA1 APOB PLA2G2A DGAT2 DGAT1 CD36"
0.191664964334391,18,76,1.4258781792804,"Path:hsa03320 PPAR signaling pathway","https://www.genome.jp/kegg-bin/show_pathway?hsa03320 ","PLIN2 FABP4 FABP1 ACSL1 ACSL4 GK ACAA1 HMGCS2 APOA1 APOA2 APOC3 PLIN5 OLR1 PCK2 ACSL5 RXRA PLIN4 UBC"
0.194254505556936,44,194,1.2392817755721,"Path:hsa04814 Motor proteins","https://www.genome.jp/kegg-bin/show_pathway?hsa04814 ","MYL12B MYL12A KIF2C KIF18B KLC3 KIF4A MYL11 DYNLT4 KIF11 KIFC1 KIF22 MYO1F MYH1 MYH2 MYH9 MYL1 MYL2 MYL4 MYL6 MYO1A MYO7B MYO9B ACTA1 ACTB MYO1G DNAI2 DYNLT1 TNNC2 TNNC1 TNNI1 TNNI2 TNNT3 TPM3 TPM4 TUBA4A MYO15B TUBB1 KIF18A CAPZA1 CAPZB MYO18B TUBA1C DNAH17 KIF23"
0.194254505556936,26,109,1.33145975887911,"Path:hsa04931 Insulin resistance","https://www.genome.jp/kegg-bin/show_pathway?hsa04931 ","CRTC2 MLXIP IKBKB NFKB1 NFKBIA PCK2 PIK3CD PPP1CA PRKCD PRKCQ PTEN PTPN1 TRIB3 PYGL RELA RPS6KA1 RPS6KA3 RPS6KB2 STAT3 MLX TNF TNFRSF1A PPP1R3B SOCS3 CD36 CREB5"
